[
	{
        "id" : 1,
        "name" : "HOSTING FREE CSS TEMPLATE",
        "author": "Bootstrap Themes + Kristaps Elsins",
        "type" : "HTML 5",
        "layout":"Responsive, Mixed Columns",
        "color_contrast":"Dark on Light",
        "date":"21 May 2017",
        "price":"19.99",
        "path":"downloads/Hosting.zip",
        "description":"We were asked if we could build an overview of all the free website templates that are featured in the Free CSS website, with the latest templates shown first, here it is.Please note: once inside the main template section the system hasn't changed, so if any confusion arises please let us know, this is an experimental function and will only stay if feedback is good.",
        "images": [
			{
				"name": "template-1.jpg"
			}
		]
    },
    {
        "id" : 2,
        "name" : "OUTLINE FREE CSS TEMPLATE",
        "author": "FreeHTML5",
        "type" : "HTML 5",
        "layout":"Responsive, Mixed Columns",
        "color_contrast":"Mixed",
        "date":"19 May 2017",
        "price":"19.99",
         "path":"downloads/Outline.zip",
        "description":"We were asked if we could build an overview of all the free website templates that are featured in the Free CSS website, with the latest templates shown first, here it is.Please note: once inside the main template section the system hasn't changed, so if any confusion arises please let us know, this is an experimental function and will only stay if feedback is good.",
        "images": [
			{
				"name": "template-2.jpg"
			}
		]
    },
    {
        "id" : 3,
        "name" : "SQUAD FREE FREE CSS TEMPLATE",
        "author": "BootstrapMadeFreeHTML5",
        "type" : "HTML 5",
        "layout":"Responsive, Mixed Columns",
        "color_contrast":"Dark on Light",
        "date":"17 May 2017",
        "price":"19.99",
         "path":"downloads/Squad.zip",
        "description":"We were asked if we could build an overview of all the free website templates that are featured in the Free CSS website, with the latest templates shown first, here it is.Please note: once inside the main template section the system hasn't changed, so if any confusion arises please let us know, this is an experimental function and will only stay if feedback is good.",
        "images": [
			{
				"name": "template-3.jpg"
			}
		]
    },
    {
        "id" : 4,
        "name" : "RUN CHARITY LITE FREE CSS TEMPLATE",
        "author": "WOWTHEMES",
        "type" : "HTML 5",
        "layout":"Responsive, Mixed Columns",
        "color_contrast":"Mixed",
        "date":"15 May 2017",
        "price":"19.99",
         "path":"downloads/Run Charity.zip",
        "description":"We were asked if we could build an overview of all the free website templates that are featured in the Free CSS website, with the latest templates shown first, here it is.Please note: once inside the main template section the system hasn't changed, so if any confusion arises please let us know, this is an experimental function and will only stay if feedback is good.",
        "images": [
			{
				"name": "template-4.jpg"
			}
		]
    },
    {
        "id" : 5,
        "name" : "LESLIE DENIELS FREE CSS TEMPLATE",
        "author": "Bootstrap Themes + Susanna Marsiglia",
        "type" : "HTML 5",
        "layout":"Responsive, Mixed Columns",
        "color_contrast":"Dark on Light",
        "date":"11 May 2017",
        "price":"19.99",
         "path":"downloads/Leslie Deniels.zip",
        "description":"We were asked if we could build an overview of all the free website templates that are featured in the Free CSS website, with the latest templates shown first, here it is.Please note: once inside the main template section the system hasn't changed, so if any confusion arises please let us know, this is an experimental function and will only stay if feedback is good.",
        "images": [
			{
				"name": "template-5.jpg"
			}
		]
    },
    {
        "id" : 6,
        "name" : "MAREN V1.0 FREE CSS TEMPLATE",
        "author": "Azmind",
        "type" : "HTML 5",
        "layout":"Responsive, Mixed Columns",
        "color_contrast":"Dark on Light",
        "date":"07 May 2017",
        "price":"19.99",
        "path":"downloads/Maren v1.0.zip",
        "description":"We were asked if we could build an overview of all the free website templates that are featured in the Free CSS website, with the latest templates shown first, here it is.Please note: once inside the main template section the system hasn't changed, so if any confusion arises please let us know, this is an experimental function and will only stay if feedback is good.",
        "images": [
			{
				"name": "template-6.jpg"
			}
		]
    },
    {
        "id" : 7,
        "name" : "ASENTUS FREE CSS TEMPLATE",
        "author": "KeenThemes",
        "type" : "HTML 5",
        "layout":"Responsive, Mixed Columns",
        "color_contrast":"Dark on Light",
        "date":"03 May 2017",
        "price":"19.99",
         "path":"downloads/Asentus.zip",
        "description":"We were asked if we could build an overview of all the free website templates that are featured in the Free CSS website, with the latest templates shown first, here it is.Please note: once inside the main template section the system hasn't changed, so if any confusion arises please let us know, this is an experimental function and will only stay if feedback is good.",
        "images": [
			{
				"name": "template-7.jpg"
			}
		]
    },
    {
        "id" : 8,
        "name" : "FREELANCER FREE CSS TEMPLATE",
        "author": "Bootstrap Themes + Wojtek Kwiatkowski",
        "type" : "HTML 5",
        "layout":"Responsive, Mixed Columns",
        "color_contrast":"Dark on Light",
        "date":"01 May 2017",
        "price":"19.99",
         "path":"downloads/Freelancer.zip",
        "description":"We were asked if we could build an overview of all the free website templates that are featured in the Free CSS website, with the latest templates shown first, here it is.Please note: once inside the main template section the system hasn't changed, so if any confusion arises please let us know, this is an experimental function and will only stay if feedback is good.",
        "images": [
			{
				"name": "template-8.jpg"
			}
		]
    },
    {
        "id" : 9,
        "name" : "HYDROGEN FREE CSS TEMPLATE",
        "author": "FreeHTML5",
        "type" : "HTML 5",
        "layout":"Responsive, Mixed Columns",
        "color_contrast":"Dark on Light",
        "date":"29 April 2017",
        "price":"19.99",
         "path":"downloads/Hydrogen.zip",
        "description":"We were asked if we could build an overview of all the free website templates that are featured in the Free CSS website, with the latest templates shown first, here it is.Please note: once inside the main template section the system hasn't changed, so if any confusion arises please let us know, this is an experimental function and will only stay if feedback is good.",
        "images": [
			{
				"name": "template-9.jpg"
			}
		]
    }
]